-- 资助政策表 --
create table t_subsidy_policy(id int not null,name varchar(250) not null,region_code varchar(50) not null,content varchar(2048) not null,create_time datetime,modify_time datetime,primary key (id));
insert into t_id_generator(id_key,id_value) values ('subsidyPolicy',100);

create table t_exam_module(id int not null,name varchar(250) not null,primary key (id));
insert into t_exam_module(id, name) values (1, '基础评估');
insert into t_exam_module(id, name) values (2, '高新评分');

create table t_exam_question(id int not null,content varchar(1024) not null,type int not null,order_number int not null,details varchar(1024),module_id int,primary key (id));
insert into t_exam_question(id, content, type, order_number, details, module_id) values (1, '企业成立时间是否满一年（注：公司注册日至高新申报时间）', 1, 1, '[{"id":1,"content":"是","score":1},{"id":2,"content":"否","score":0}]', 1);
insert into t_exam_question(id, content, type, order_number, details, module_id) values (2, '公司是否存在自主开发的产品（服务）', 1, 2, '[{"id":1,"content":"是","score":1},{"id":2,"content":"否","score":0}]', 1);
insert into t_exam_question(id, content, type, order_number, details, module_id) values (3, '企业是否拥有与主营业务相关的知识产权（专利、软著等）', 1, 3, '[{"id":1,"content":"是","score":1},{"id":2,"content":"否","score":0}]', 1);
insert into t_exam_question(id, content, type, order_number, details, module_id) values (4, '企业的科技人员占企业当年职工总数的比例是否高于10%', 1, 4, '[{"id":1,"content":"是","score":1},{"id":2,"content":"否","score":0}]', 1);
insert into t_exam_question(id, content, type, order_number, details, module_id) values (5, '企业近三个会计年度（实际经营期不满三年的按实际经营时间计算，下同）的研究开发费用总额占同期销售收入总额的比例符合如下要求（最近一年指申报高新的上一年度）：1. 最近一年销售收入小于5,000万元（含）的企业，比例不低于5%；2. 最近一年销售收入在5,000万元至2亿元（含）的企业，比例不低于4%；3. 最近一年销售收入在2亿元以上的企业，比例不低于3%。其中，企业在中国境内发生的研究开发费用总额占全部研究开发费用总额的比例不低于60%；', 1, 5, '[{"id":1,"content":"是","score":1},{"id":2,"content":"否","score":0}]', 1);
insert into t_exam_question(id, content, type, order_number, details, module_id) values (6, '近一年企业自主研发的产品（服务）收入占企业同期总收入的比例是否高于60%；', 1, 6, '[{"id":1,"content":"是","score":1},{"id":2,"content":"否","score":0}]', 1);
insert into t_exam_question(id, content, type, order_number, details, module_id) values (7, '企业申请认定前三年内是否发生重大安全、重大质量事故或严重环境违法行为。', 1, 17, '[{"id":1,"content":"是","score":0},{"id":2,"content":"否","score":1}]', 1);

insert into t_exam_question(id, content, type, order_number, details, module_id) values (8, '知识产权数量（）', 1, 1, '', 2);
insert into t_exam_question(id, content, type, order_number, details, module_id) values (9, '知识产权获得方式（）', 1, 1, '', 2);
insert into t_exam_question(id, content, type, order_number, details, module_id) values (10, '知识产权与公司的主营业务的关联性（）', 1, 1, '', 2);
insert into t_exam_question(id, content, type, order_number, details, module_id) values (11, '近三年科技成果转化数量年平均（）', 1, 1, '', 2);
insert into t_exam_question(id, content, type, order_number, details, module_id) values (12, '企业是否建立了研发组织管理制度并有效实施（）', 1, 1, '', 2);
insert into t_exam_question(id, content, type, order_number, details, module_id) values (13, '近三年企业是否签订有效的产学研协议（）', 1, 1, '', 2);
insert into t_exam_question(id, content, type, order_number, details, module_id) values (14, '近三年净资产增长率（）', 1, 1, '', 2);

create table t_exam_record(id int not null,company_name varchar(250) not null,telephone varchar(25) not null,score double not null,result varchar(250) not null,details varchar(1024) not null,exam_time datetime,primary key(id));

-- 测试数据 --

-- INSERT INTO `t_exam_record` VALUES ('1', '张三的公司', '13588888888', '90', '知识产权情况：优秀；科技成果转化情况：优秀；企业研发组织管理水平：优秀；财务增长情况：优秀。', '[{\"id\":1,\"answer\":1},{\"id\":2,\"answer\":1},{\"id\":3,\"answer\":1},{\"id\":4,\"answer\":1},{\"id\":5,\"answer\":1},{\"id\":6,\"answer\":1},{\"id\":7,\"answer\":2},{\"id\":8,\"answer\":1},{\"id\":9,\"answer\":1},{\"id\":10,\"answer\":1},{\"id\":11,\"answer\":1},{\"id\":12,\"answer\":1},{\"id\":13,\"answer\":1},{\"id\":14,\"answer\":1}]', '2019-01-05 13:27:12');
-- INSERT INTO `t_exam_record` VALUES ('2', '李四的公司', '13588888888', '80', '知识产权情况：优秀；科技成果转化情况：优秀；企业研发组织管理水平：优秀；财务增长情况：优秀。', '[{\"id\":1,\"answer\":1},{\"id\":2,\"answer\":1},{\"id\":3,\"answer\":1},{\"id\":4,\"answer\":1},{\"id\":5,\"answer\":1},{\"id\":6,\"answer\":1},{\"id\":7,\"answer\":2},{\"id\":8,\"answer\":1},{\"id\":9,\"answer\":1},{\"id\":10,\"answer\":1},{\"id\":11,\"answer\":1},{\"id\":12,\"answer\":1},{\"id\":13,\"answer\":1},{\"id\":14,\"answer\":1}]', '2019-01-05 13:46:59');
-- INSERT INTO `t_exam_record` VALUES ('3', '李四的公司', '13588888888', '80', '知识产权情况：优秀；科技成果转化情况：优秀；企业研发组织管理水平：优秀；财务增长情况：优秀。', '[{\"id\":1,\"answer\":1},{\"id\":2,\"answer\":1},{\"id\":3,\"answer\":1},{\"id\":4,\"answer\":1},{\"id\":5,\"answer\":1},{\"id\":6,\"answer\":1},{\"id\":7,\"answer\":2},{\"id\":8,\"answer\":1},{\"id\":9,\"answer\":1},{\"id\":10,\"answer\":1},{\"id\":11,\"answer\":1},{\"id\":12,\"answer\":1},{\"id\":13,\"answer\":1},{\"id\":14,\"answer\":1}]', '2019-01-05 13:46:59');
-- INSERT INTO `t_exam_record` VALUES ('4', '李四的公司', '13588888888', '80', '知识产权情况：优秀；科技成果转化情况：优秀；企业研发组织管理水平：优秀；财务增长情况：优秀。', '[{\"id\":1,\"answer\":1},{\"id\":2,\"answer\":1},{\"id\":3,\"answer\":1},{\"id\":4,\"answer\":1},{\"id\":5,\"answer\":1},{\"id\":6,\"answer\":1},{\"id\":7,\"answer\":2},{\"id\":8,\"answer\":1},{\"id\":9,\"answer\":1},{\"id\":10,\"answer\":1},{\"id\":11,\"answer\":1},{\"id\":12,\"answer\":1},{\"id\":13,\"answer\":1},{\"id\":14,\"answer\":1}]', '2019-01-05 13:46:59');
-- INSERT INTO `t_exam_record` VALUES ('5', '李四的公司', '13588888888', '80', '知识产权情况：优秀；科技成果转化情况：优秀；企业研发组织管理水平：优秀；财务增长情况：优秀。', '[{\"id\":1,\"answer\":1},{\"id\":2,\"answer\":1},{\"id\":3,\"answer\":1},{\"id\":4,\"answer\":1},{\"id\":5,\"answer\":1},{\"id\":6,\"answer\":1},{\"id\":7,\"answer\":2},{\"id\":8,\"answer\":1},{\"id\":9,\"answer\":1},{\"id\":10,\"answer\":1},{\"id\":11,\"answer\":1},{\"id\":12,\"answer\":1},{\"id\":13,\"answer\":1},{\"id\":14,\"answer\":1}]', '2019-01-05 13:47:00');
-- INSERT INTO `t_exam_record` VALUES ('6', '李四的公司', '13588888888', '80', '知识产权情况：优秀；科技成果转化情况：优秀；企业研发组织管理水平：优秀；财务增长情况：优秀。', '[{\"id\":1,\"answer\":1},{\"id\":2,\"answer\":1},{\"id\":3,\"answer\":1},{\"id\":4,\"answer\":1},{\"id\":5,\"answer\":1},{\"id\":6,\"answer\":1},{\"id\":7,\"answer\":2},{\"id\":8,\"answer\":1},{\"id\":9,\"answer\":1},{\"id\":10,\"answer\":1},{\"id\":11,\"answer\":1},{\"id\":12,\"answer\":1},{\"id\":13,\"answer\":1},{\"id\":14,\"answer\":1}]', '2019-01-05 13:47:00');
-- INSERT INTO `t_exam_record` VALUES ('7', '李四的公司', '13588888888', '80', '知识产权情况：优秀；科技成果转化情况：优秀；企业研发组织管理水平：优秀；财务增长情况：优秀。', '[{\"id\":1,\"answer\":1},{\"id\":2,\"answer\":1},{\"id\":3,\"answer\":1},{\"id\":4,\"answer\":1},{\"id\":5,\"answer\":1},{\"id\":6,\"answer\":1},{\"id\":7,\"answer\":2},{\"id\":8,\"answer\":1},{\"id\":9,\"answer\":1},{\"id\":10,\"answer\":1},{\"id\":11,\"answer\":1},{\"id\":12,\"answer\":1},{\"id\":13,\"answer\":1},{\"id\":14,\"answer\":1}]', '2019-01-05 13:47:00');
-- INSERT INTO `t_exam_record` VALUES ('8', '李四的公司', '13588888888', '80', '知识产权情况：优秀；科技成果转化情况：优秀；企业研发组织管理水平：优秀；财务增长情况：优秀。', '[{\"id\":1,\"answer\":1},{\"id\":2,\"answer\":1},{\"id\":3,\"answer\":1},{\"id\":4,\"answer\":1},{\"id\":5,\"answer\":1},{\"id\":6,\"answer\":1},{\"id\":7,\"answer\":2},{\"id\":8,\"answer\":1},{\"id\":9,\"answer\":1},{\"id\":10,\"answer\":1},{\"id\":11,\"answer\":1},{\"id\":12,\"answer\":1},{\"id\":13,\"answer\":1},{\"id\":14,\"answer\":1}]', '2019-01-05 13:47:00');
-- INSERT INTO `t_exam_record` VALUES ('9', '李四的公司', '13588888888', '80', '知识产权情况：优秀；科技成果转化情况：优秀；企业研发组织管理水平：优秀；财务增长情况：优秀。', '[{\"id\":1,\"answer\":1},{\"id\":2,\"answer\":1},{\"id\":3,\"answer\":1},{\"id\":4,\"answer\":1},{\"id\":5,\"answer\":1},{\"id\":6,\"answer\":1},{\"id\":7,\"answer\":2},{\"id\":8,\"answer\":1},{\"id\":9,\"answer\":1},{\"id\":10,\"answer\":1},{\"id\":11,\"answer\":1},{\"id\":12,\"answer\":1},{\"id\":13,\"answer\":1},{\"id\":14,\"answer\":1}]', '2019-01-05 13:47:00');
-- INSERT INTO `t_exam_record` VALUES ('10', '李四的公司', '13588888888', '80', '知识产权情况：优秀；科技成果转化情况：优秀；企业研发组织管理水平：优秀；财务增长情况：优秀。', '[{\"id\":1,\"answer\":1},{\"id\":2,\"answer\":1},{\"id\":3,\"answer\":1},{\"id\":4,\"answer\":1},{\"id\":5,\"answer\":1},{\"id\":6,\"answer\":1},{\"id\":7,\"answer\":2},{\"id\":8,\"answer\":1},{\"id\":9,\"answer\":1},{\"id\":10,\"answer\":1},{\"id\":11,\"answer\":1},{\"id\":12,\"answer\":1},{\"id\":13,\"answer\":1},{\"id\":14,\"answer\":1}]', '2019-01-05 13:47:00');
-- INSERT INTO `t_exam_record` VALUES ('11', '李四的公司', '13588888888', '80', '知识产权情况：优秀；科技成果转化情况：优秀；企业研发组织管理水平：优秀；财务增长情况：优秀。', '[{\"id\":1,\"answer\":1},{\"id\":2,\"answer\":1},{\"id\":3,\"answer\":1},{\"id\":4,\"answer\":1},{\"id\":5,\"answer\":1},{\"id\":6,\"answer\":1},{\"id\":7,\"answer\":2},{\"id\":8,\"answer\":1},{\"id\":9,\"answer\":1},{\"id\":10,\"answer\":1},{\"id\":11,\"answer\":1},{\"id\":12,\"answer\":1},{\"id\":13,\"answer\":1},{\"id\":14,\"answer\":1}]', '2019-01-05 13:47:00');
-- INSERT INTO `t_exam_record` VALUES ('12', '李四的公司', '13588888888', '80', '知识产权情况：优秀；科技成果转化情况：优秀；企业研发组织管理水平：优秀；财务增长情况：优秀。', '[{\"id\":1,\"answer\":1},{\"id\":2,\"answer\":1},{\"id\":3,\"answer\":1},{\"id\":4,\"answer\":1},{\"id\":5,\"answer\":1},{\"id\":6,\"answer\":1},{\"id\":7,\"answer\":2},{\"id\":8,\"answer\":1},{\"id\":9,\"answer\":1},{\"id\":10,\"answer\":1},{\"id\":11,\"answer\":1},{\"id\":12,\"answer\":1},{\"id\":13,\"answer\":1},{\"id\":14,\"answer\":1}]', '2019-01-05 13:47:00');
-- INSERT INTO `t_exam_record` VALUES ('13', '李四的公司', '13588888888', '80', '知识产权情况：优秀；科技成果转化情况：优秀；企业研发组织管理水平：优秀；财务增长情况：优秀。', '[{\"id\":1,\"answer\":1},{\"id\":2,\"answer\":1},{\"id\":3,\"answer\":1},{\"id\":4,\"answer\":1},{\"id\":5,\"answer\":1},{\"id\":6,\"answer\":1},{\"id\":7,\"answer\":2},{\"id\":8,\"answer\":1},{\"id\":9,\"answer\":1},{\"id\":10,\"answer\":1},{\"id\":11,\"answer\":1},{\"id\":12,\"answer\":1},{\"id\":13,\"answer\":1},{\"id\":14,\"answer\":1}]', '2019-01-05 13:47:00');
