-- 资助政策表 --
create table t_subsidy_policy(id int not null,name varchar(250) not null,region_code varchar(50) not null,content varchar(2048) not null,create_time datetime,modify_time datetime,primary key (id));
insert into t_id_generator(id_key,id_value) values ('subsidyPolicy',100);

create table t_exam_module(id int not null,name varchar(250) not null,primary key (id));
insert into t_exam_module(id, name) values (1, '基础评估');
insert into t_exam_module(id, name) values (2, '高新评分');

create table t_exam_question(id int not null,content varchar(1024) not null,type int not null,order_number int not null,details varchar(1024),module_id int,primary key (id));
insert into t_exam_question(id, content, type, order_number, details, module_id) values (1, '企业成立时间是否满一年（注：公司注册日至高新申报时间）', 1, 1, '[{"id":1,"content":"是","score":1},{"id":2,"content":"否","score":0}]', 1);
insert into t_exam_question(id, content, type, order_number, details, module_id) values (2, '公司是否存在自主开发的产品（服务）', 1, 2, '[{"id":1,"content":"是","score":1},{"id":2,"content":"否","score":0}]', 1);
insert into t_exam_question(id, content, type, order_number, details, module_id) values (3, '企业是否拥有与主营业务相关的知识产权（专利、软著等）', 1, 3, '[{"id":1,"content":"是","score":1},{"id":2,"content":"否","score":0}]', 1);
insert into t_exam_question(id, content, type, order_number, details, module_id) values (4, '企业的科技人员占企业当年职工总数的比例是否高于10%', 1, 4, '[{"id":1,"content":"是","score":1},{"id":2,"content":"否","score":0}]', 1);
insert into t_exam_question(id, content, type, order_number, details, module_id) values (5, '企业近三个会计年度（实际经营期不满三年的按实际经营时间计算，下同）的研究开发费用总额占同期销售收入总额的比例符合如下要求（最近一年指申报高新的上一年度）：1. 最近一年销售收入小于5,000万元（含）的企业，比例不低于5%；2. 最近一年销售收入在5,000万元至2亿元（含）的企业，比例不低于4%；3. 最近一年销售收入在2亿元以上的企业，比例不低于3%。其中，企业在中国境内发生的研究开发费用总额占全部研究开发费用总额的比例不低于60%；', 1, 5, '[{"id":1,"content":"是","score":1},{"id":2,"content":"否","score":0}]', 1);
insert into t_exam_question(id, content, type, order_number, details, module_id) values (6, '近一年企业自主研发的产品（服务）收入占企业同期总收入的比例是否高于60%；', 1, 6, '[{"id":1,"content":"是","score":1},{"id":2,"content":"否","score":0}]', 1);
insert into t_exam_question(id, content, type, order_number, details, module_id) values (7, '企业申请认定前三年内是否发生重大安全、重大质量事故或严重环境违法行为。', 1, 17, '[{"id":1,"content":"是","score":0},{"id":2,"content":"否","score":1}]', 1);

insert into t_exam_question(id, content, type, order_number, details, module_id) values (8, '知识产权数量（）', 1, 1, '', 2);
insert into t_exam_question(id, content, type, order_number, details, module_id) values (9, '知识产权获得方式（）', 1, 1, '', 2);
insert into t_exam_question(id, content, type, order_number, details, module_id) values (10, '知识产权与公司的主营业务的关联性（）', 1, 1, '', 2);
insert into t_exam_question(id, content, type, order_number, details, module_id) values (11, '近三年科技成果转化数量年平均（）', 1, 1, '', 2);
insert into t_exam_question(id, content, type, order_number, details, module_id) values (12, '企业是否建立了研发组织管理制度并有效实施（）', 1, 1, '', 2);
insert into t_exam_question(id, content, type, order_number, details, module_id) values (13, '近三年企业是否签订有效的产学研协议（）', 1, 1, '', 2);
insert into t_exam_question(id, content, type, order_number, details, module_id) values (14, '近三年净资产增长率（）', 1, 1, '', 2);

create table t_exam_record(id int not null,company_name varchar(250) not null,telephone varchar(25) not null,score double not null,result varchar(250) not null,details varchar(1024) not null,exam_time datetime,primary key(id));

-- 测试数据 --
-- INSERT INTO `t_exam_record` VALUES ('1', '张三的公司', '13588888888', '90', '知识产权情况：优秀；科技成果转化情况：优秀；企业研发组织管理水平：优秀；财务增长情况：优秀。', '[{\"id\":1,\"answer\":1},{\"id\":2,\"answer\":1},{\"id\":3,\"answer\":1},{\"id\":4,\"answer\":1},{\"id\":5,\"answer\":1},{\"id\":6,\"answer\":1},{\"id\":7,\"answer\":2},{\"id\":8,\"answer\":1},{\"id\":9,\"answer\":1},{\"id\":10,\"answer\":1},{\"id\":11,\"answer\":1},{\"id\":12,\"answer\":1},{\"id\":13,\"answer\":1},{\"id\":14,\"answer\":1}]', '2019-01-05 13:27:12');
-- INSERT INTO `t_exam_record` VALUES ('2', '李四的公司', '13588888888', '80', '知识产权情况：优秀；科技成果转化情况：优秀；企业研发组织管理水平：优秀；财务增长情况：优秀。', '[{\"id\":1,\"answer\":1},{\"id\":2,\"answer\":1},{\"id\":3,\"answer\":1},{\"id\":4,\"answer\":1},{\"id\":5,\"answer\":1},{\"id\":6,\"answer\":1},{\"id\":7,\"answer\":2},{\"id\":8,\"answer\":1},{\"id\":9,\"answer\":1},{\"id\":10,\"answer\":1},{\"id\":11,\"answer\":1},{\"id\":12,\"answer\":1},{\"id\":13,\"answer\":1},{\"id\":14,\"answer\":1}]', '2019-01-05 13:46:59');
-- INSERT INTO `t_exam_record` VALUES ('3', '李四的公司', '13588888888', '80', '知识产权情况：优秀；科技成果转化情况：优秀；企业研发组织管理水平：优秀；财务增长情况：优秀。', '[{\"id\":1,\"answer\":1},{\"id\":2,\"answer\":1},{\"id\":3,\"answer\":1},{\"id\":4,\"answer\":1},{\"id\":5,\"answer\":1},{\"id\":6,\"answer\":1},{\"id\":7,\"answer\":2},{\"id\":8,\"answer\":1},{\"id\":9,\"answer\":1},{\"id\":10,\"answer\":1},{\"id\":11,\"answer\":1},{\"id\":12,\"answer\":1},{\"id\":13,\"answer\":1},{\"id\":14,\"answer\":1}]', '2019-01-05 13:46:59');
-- INSERT INTO `t_exam_record` VALUES ('4', '李四的公司', '13588888888', '80', '知识产权情况：优秀；科技成果转化情况：优秀；企业研发组织管理水平：优秀；财务增长情况：优秀。', '[{\"id\":1,\"answer\":1},{\"id\":2,\"answer\":1},{\"id\":3,\"answer\":1},{\"id\":4,\"answer\":1},{\"id\":5,\"answer\":1},{\"id\":6,\"answer\":1},{\"id\":7,\"answer\":2},{\"id\":8,\"answer\":1},{\"id\":9,\"answer\":1},{\"id\":10,\"answer\":1},{\"id\":11,\"answer\":1},{\"id\":12,\"answer\":1},{\"id\":13,\"answer\":1},{\"id\":14,\"answer\":1}]', '2019-01-05 13:46:59');
-- INSERT INTO `t_exam_record` VALUES ('5', '李四的公司', '13588888888', '80', '知识产权情况：优秀；科技成果转化情况：优秀；企业研发组织管理水平：优秀；财务增长情况：优秀。', '[{\"id\":1,\"answer\":1},{\"id\":2,\"answer\":1},{\"id\":3,\"answer\":1},{\"id\":4,\"answer\":1},{\"id\":5,\"answer\":1},{\"id\":6,\"answer\":1},{\"id\":7,\"answer\":2},{\"id\":8,\"answer\":1},{\"id\":9,\"answer\":1},{\"id\":10,\"answer\":1},{\"id\":11,\"answer\":1},{\"id\":12,\"answer\":1},{\"id\":13,\"answer\":1},{\"id\":14,\"answer\":1}]', '2019-01-05 13:47:00');
-- INSERT INTO `t_exam_record` VALUES ('6', '李四的公司', '13588888888', '80', '知识产权情况：优秀；科技成果转化情况：优秀；企业研发组织管理水平：优秀；财务增长情况：优秀。', '[{\"id\":1,\"answer\":1},{\"id\":2,\"answer\":1},{\"id\":3,\"answer\":1},{\"id\":4,\"answer\":1},{\"id\":5,\"answer\":1},{\"id\":6,\"answer\":1},{\"id\":7,\"answer\":2},{\"id\":8,\"answer\":1},{\"id\":9,\"answer\":1},{\"id\":10,\"answer\":1},{\"id\":11,\"answer\":1},{\"id\":12,\"answer\":1},{\"id\":13,\"answer\":1},{\"id\":14,\"answer\":1}]', '2019-01-05 13:47:00');
-- INSERT INTO `t_exam_record` VALUES ('7', '李四的公司', '13588888888', '80', '知识产权情况：优秀；科技成果转化情况：优秀；企业研发组织管理水平：优秀；财务增长情况：优秀。', '[{\"id\":1,\"answer\":1},{\"id\":2,\"answer\":1},{\"id\":3,\"answer\":1},{\"id\":4,\"answer\":1},{\"id\":5,\"answer\":1},{\"id\":6,\"answer\":1},{\"id\":7,\"answer\":2},{\"id\":8,\"answer\":1},{\"id\":9,\"answer\":1},{\"id\":10,\"answer\":1},{\"id\":11,\"answer\":1},{\"id\":12,\"answer\":1},{\"id\":13,\"answer\":1},{\"id\":14,\"answer\":1}]', '2019-01-05 13:47:00');
-- INSERT INTO `t_exam_record` VALUES ('8', '李四的公司', '13588888888', '80', '知识产权情况：优秀；科技成果转化情况：优秀；企业研发组织管理水平：优秀；财务增长情况：优秀。', '[{\"id\":1,\"answer\":1},{\"id\":2,\"answer\":1},{\"id\":3,\"answer\":1},{\"id\":4,\"answer\":1},{\"id\":5,\"answer\":1},{\"id\":6,\"answer\":1},{\"id\":7,\"answer\":2},{\"id\":8,\"answer\":1},{\"id\":9,\"answer\":1},{\"id\":10,\"answer\":1},{\"id\":11,\"answer\":1},{\"id\":12,\"answer\":1},{\"id\":13,\"answer\":1},{\"id\":14,\"answer\":1}]', '2019-01-05 13:47:00');
-- INSERT INTO `t_exam_record` VALUES ('9', '李四的公司', '13588888888', '80', '知识产权情况：优秀；科技成果转化情况：优秀；企业研发组织管理水平：优秀；财务增长情况：优秀。', '[{\"id\":1,\"answer\":1},{\"id\":2,\"answer\":1},{\"id\":3,\"answer\":1},{\"id\":4,\"answer\":1},{\"id\":5,\"answer\":1},{\"id\":6,\"answer\":1},{\"id\":7,\"answer\":2},{\"id\":8,\"answer\":1},{\"id\":9,\"answer\":1},{\"id\":10,\"answer\":1},{\"id\":11,\"answer\":1},{\"id\":12,\"answer\":1},{\"id\":13,\"answer\":1},{\"id\":14,\"answer\":1}]', '2019-01-05 13:47:00');
-- INSERT INTO `t_exam_record` VALUES ('10', '李四的公司', '13588888888', '80', '知识产权情况：优秀；科技成果转化情况：优秀；企业研发组织管理水平：优秀；财务增长情况：优秀。', '[{\"id\":1,\"answer\":1},{\"id\":2,\"answer\":1},{\"id\":3,\"answer\":1},{\"id\":4,\"answer\":1},{\"id\":5,\"answer\":1},{\"id\":6,\"answer\":1},{\"id\":7,\"answer\":2},{\"id\":8,\"answer\":1},{\"id\":9,\"answer\":1},{\"id\":10,\"answer\":1},{\"id\":11,\"answer\":1},{\"id\":12,\"answer\":1},{\"id\":13,\"answer\":1},{\"id\":14,\"answer\":1}]', '2019-01-05 13:47:00');
-- INSERT INTO `t_exam_record` VALUES ('11', '李四的公司', '13588888888', '80', '知识产权情况：优秀；科技成果转化情况：优秀；企业研发组织管理水平：优秀；财务增长情况：优秀。', '[{\"id\":1,\"answer\":1},{\"id\":2,\"answer\":1},{\"id\":3,\"answer\":1},{\"id\":4,\"answer\":1},{\"id\":5,\"answer\":1},{\"id\":6,\"answer\":1},{\"id\":7,\"answer\":2},{\"id\":8,\"answer\":1},{\"id\":9,\"answer\":1},{\"id\":10,\"answer\":1},{\"id\":11,\"answer\":1},{\"id\":12,\"answer\":1},{\"id\":13,\"answer\":1},{\"id\":14,\"answer\":1}]', '2019-01-05 13:47:00');
-- INSERT INTO `t_exam_record` VALUES ('12', '李四的公司', '13588888888', '80', '知识产权情况：优秀；科技成果转化情况：优秀；企业研发组织管理水平：优秀；财务增长情况：优秀。', '[{\"id\":1,\"answer\":1},{\"id\":2,\"answer\":1},{\"id\":3,\"answer\":1},{\"id\":4,\"answer\":1},{\"id\":5,\"answer\":1},{\"id\":6,\"answer\":1},{\"id\":7,\"answer\":2},{\"id\":8,\"answer\":1},{\"id\":9,\"answer\":1},{\"id\":10,\"answer\":1},{\"id\":11,\"answer\":1},{\"id\":12,\"answer\":1},{\"id\":13,\"answer\":1},{\"id\":14,\"answer\":1}]', '2019-01-05 13:47:00');
-- INSERT INTO `t_exam_record` VALUES ('13', '李四的公司', '13588888888', '80', '知识产权情况：优秀；科技成果转化情况：优秀；企业研发组织管理水平：优秀；财务增长情况：优秀。', '[{\"id\":1,\"answer\":1},{\"id\":2,\"answer\":1},{\"id\":3,\"answer\":1},{\"id\":4,\"answer\":1},{\"id\":5,\"answer\":1},{\"id\":6,\"answer\":1},{\"id\":7,\"answer\":2},{\"id\":8,\"answer\":1},{\"id\":9,\"answer\":1},{\"id\":10,\"answer\":1},{\"id\":11,\"answer\":1},{\"id\":12,\"answer\":1},{\"id\":13,\"answer\":1},{\"id\":14,\"answer\":1}]', '2019-01-05 13:47:00');

create table t_register_department(id int not null, name varchar(250), region_code varchar(50), primary key(id));

INSERT INTO `t_register_department` VALUES ('1', '杭州市江干区市场监督管理局', '330104');
INSERT INTO `t_register_department` VALUES ('2', '杭州市市场监督管理局经济技术开发区分局', '330101');
INSERT INTO `t_register_department` VALUES ('3', '杭州市西湖区市场监督管理局', '330106');
INSERT INTO `t_register_department` VALUES ('4', '杭州市高新区（滨江）市场监督管理局', '330108');
INSERT INTO `t_register_department` VALUES ('5', '杭州市余杭区市场监督管理局', '330110');
INSERT INTO `t_register_department` VALUES ('6', '杭州市萧山区市场监督管理局', '330109');
INSERT INTO `t_register_department` VALUES ('7', '杭州市上城区市场监督管理局', '330102');
INSERT INTO `t_register_department` VALUES ('8', '杭州市下城区市场监督管理局', '330103');
INSERT INTO `t_register_department` VALUES ('9', '杭州市拱墅区市场监督管理局', '330105');
INSERT INTO `t_register_department` VALUES ('10', '杭州市富阳区市场监督管理局', '330111');
INSERT INTO `t_register_department` VALUES ('11', '杭州市临安区市场监督管理局', '330185');
INSERT INTO `t_register_department` VALUES ('12', '建德市市场监督管理局', '330182');
INSERT INTO `t_register_department` VALUES ('13', '桐庐县市场监督管理局', '330122');
INSERT INTO `t_register_department` VALUES ('14', '淳安县市场监督管理局', '330127');
INSERT INTO `t_register_department` VALUES ('15', '宁波市市场监督管理局杭州湾新区分局', '330201');
INSERT INTO `t_register_department` VALUES ('16', '宁波市海曙区市场监督管理局', '330203');
INSERT INTO `t_register_department` VALUES ('17', '宁波市江东区市场监督管理局（保留）', '330204');
INSERT INTO `t_register_department` VALUES ('18', '宁波市江北区市场监督管理局', '330205');
INSERT INTO `t_register_department` VALUES ('19', '宁波市北仑区市场监督管理局', '330206');
INSERT INTO `t_register_department` VALUES ('20', '宁波市镇海区市场监督管理局', '330211');
INSERT INTO `t_register_department` VALUES ('21', '宁波市鄞州区市场监督管理局', '330212');
INSERT INTO `t_register_department` VALUES ('22', '象山县市场监督管理局', '330225');
INSERT INTO `t_register_department` VALUES ('23', '宁海县市场监督管理局', '330226');
INSERT INTO `t_register_department` VALUES ('24', '余姚市市场监督管理局', '330281');
INSERT INTO `t_register_department` VALUES ('25', '慈溪市市场监督管理局', '330282');
INSERT INTO `t_register_department` VALUES ('26', '宁波市奉化区市场监督管理局', '330283');
INSERT INTO `t_register_department` VALUES ('27', '温州市市场监督管理局经济技术开发区分局', '330301');
INSERT INTO `t_register_department` VALUES ('28', '温州市鹿城区市场监督管理局', '330302');
INSERT INTO `t_register_department` VALUES ('29', '温州市龙湾区市场监督管理局', '330303');
INSERT INTO `t_register_department` VALUES ('30', '温州市瓯海区市场监督管理局', '330304');
INSERT INTO `t_register_department` VALUES ('31', '温州市洞头区市场监督管理局', '330305');
INSERT INTO `t_register_department` VALUES ('32', '永嘉县市场监督管理局', '330324');
INSERT INTO `t_register_department` VALUES ('33', '平阳县市场监督管理局', '330326');
INSERT INTO `t_register_department` VALUES ('34', '苍南县市场监督管理局', '330327');
INSERT INTO `t_register_department` VALUES ('35', '文成县市场监督管理局', '330328');
INSERT INTO `t_register_department` VALUES ('36', '泰顺县市场监督管理局', '330329');
INSERT INTO `t_register_department` VALUES ('37', '瑞安市市场监督管理局', '330381');
INSERT INTO `t_register_department` VALUES ('38', '乐清市市场监督管理局', '330382');
INSERT INTO `t_register_department` VALUES ('39', '嘉兴市市场监督局经济开发区分局', '330401');
INSERT INTO `t_register_department` VALUES ('40', '嘉兴市南湖区行政审批局', '330402');
INSERT INTO `t_register_department` VALUES ('41', '嘉兴市秀洲区市场监督管理局', '330411');
INSERT INTO `t_register_department` VALUES ('42', '嘉善县市场监督管理局', '330421');
INSERT INTO `t_register_department` VALUES ('43', '海盐县市场监督管理局', '330424');
INSERT INTO `t_register_department` VALUES ('44', '海宁市市场监督管理局', '330481');
INSERT INTO `t_register_department` VALUES ('45', '平湖市市场监督管理局', '330482');
INSERT INTO `t_register_department` VALUES ('46', '桐乡市市场监督管理局', '330483');
INSERT INTO `t_register_department` VALUES ('47', '嘉兴市市场监督管理局', '');
INSERT INTO `t_register_department` VALUES ('48', '湖州市市场监督管理局湖州经济技术开发区分局', '330501');
INSERT INTO `t_register_department` VALUES ('49', '湖州市吴兴区市场监督管理局', '330502');
INSERT INTO `t_register_department` VALUES ('50', '湖州市南浔区市场监督管理局', '330503');
INSERT INTO `t_register_department` VALUES ('51', '德清县市场监督管理局', '330521');
INSERT INTO `t_register_department` VALUES ('52', '长兴县市场监督管理局', '330522');
INSERT INTO `t_register_department` VALUES ('53', '安吉县市场监督管理局', '330523');
INSERT INTO `t_register_department` VALUES ('54', '湖州市市场监督管理局', '');
INSERT INTO `t_register_department` VALUES ('55', '绍兴市市场监督管理局', '330601');
INSERT INTO `t_register_department` VALUES ('56', '绍兴市越城区市场监督管理局', '330602');
INSERT INTO `t_register_department` VALUES ('57', '绍兴市柯桥区市场监督管理局', '330603');
INSERT INTO `t_register_department` VALUES ('58', '绍兴市上虞区市场监督管理局', '330604');
INSERT INTO `t_register_department` VALUES ('59', '新昌县市场监督管理局', '330624');
INSERT INTO `t_register_department` VALUES ('60', '诸暨市市场监督管理局', '330681');
INSERT INTO `t_register_department` VALUES ('61', '嵊州市市场监督管理局', '330683');
INSERT INTO `t_register_department` VALUES ('62', '绍兴市市场监督管理局', '');
INSERT INTO `t_register_department` VALUES ('63', '金华市市场监督管理局经济技术开发区分局', '330701');
INSERT INTO `t_register_department` VALUES ('64', '金华市婺城区市场监督管理局', '330702');
INSERT INTO `t_register_department` VALUES ('65', '金华市金东区市场监督管理局', '330703');
INSERT INTO `t_register_department` VALUES ('66', '武义县市场监督管理局', '330723');
INSERT INTO `t_register_department` VALUES ('67', '浦江县市场监督管理局', '330726');
INSERT INTO `t_register_department` VALUES ('68', '磐安县市场监督管理局', '330727');
INSERT INTO `t_register_department` VALUES ('69', '兰溪市市场监督管理局', '330781');
INSERT INTO `t_register_department` VALUES ('70', '义乌市市场监督管理局', '330782');
INSERT INTO `t_register_department` VALUES ('71', '东阳市市场监督管理局', '330783');
INSERT INTO `t_register_department` VALUES ('72', '永康市市场监督管理局', '330784');
INSERT INTO `t_register_department` VALUES ('73', '金华市市场监督管理局金华山旅游经济区分局', '');
INSERT INTO `t_register_department` VALUES ('74', '衢州市市场监督管理局', '330801');
INSERT INTO `t_register_department` VALUES ('75', '衢州市柯城区市场监督管理局', '330802');
INSERT INTO `t_register_department` VALUES ('76', '衢江区市场监督管理局', '330803');
INSERT INTO `t_register_department` VALUES ('77', '常山县市场监督管理局', '330822');
INSERT INTO `t_register_department` VALUES ('78', '开化县市场监督管理局', '330824');
INSERT INTO `t_register_department` VALUES ('79', '龙游县市场监督管理局', '330825');
INSERT INTO `t_register_department` VALUES ('80', '江山市市场监督管理局', '330881');
INSERT INTO `t_register_department` VALUES ('81', '衢州市市场监督管理局', '');
INSERT INTO `t_register_department` VALUES ('82', '舟山市市场监督管理局海洋产业集聚区分局', '330901');
INSERT INTO `t_register_department` VALUES ('83', '舟山市市场监督管理局新城分局', '330901');
INSERT INTO `t_register_department` VALUES ('84', '舟山市市场监督管理局定海分局', '330902');
INSERT INTO `t_register_department` VALUES ('85', '舟山市市场监督管理局普陀分局', '330903');
INSERT INTO `t_register_department` VALUES ('86', '岱山县市场监督管理局', '330921');
INSERT INTO `t_register_department` VALUES ('87', '嵊泗县市场监督管理局', '330922');
INSERT INTO `t_register_department` VALUES ('88', '台州市市场监督管理局经济开发区分局', '331001');
INSERT INTO `t_register_department` VALUES ('89', '台州市椒江区市场监督管理局', '331002');
INSERT INTO `t_register_department` VALUES ('90', '台州市黄岩区市场监督管理局', '331003');
INSERT INTO `t_register_department` VALUES ('91', '台州市路桥区市场监督管理局', '331004');
INSERT INTO `t_register_department` VALUES ('92', '玉环市市场监督管理局', '331021');
INSERT INTO `t_register_department` VALUES ('93', '三门县市场监督管理局', '331022');
INSERT INTO `t_register_department` VALUES ('94', '天台县行政审批局', '331023');
INSERT INTO `t_register_department` VALUES ('95', '仙居县市场监督管理局', '331024');
INSERT INTO `t_register_department` VALUES ('96', '温岭市市场监督管理局', '331081');
INSERT INTO `t_register_department` VALUES ('97', '临海市市场监督管理局', '331082');
INSERT INTO `t_register_department` VALUES ('98', '台州市市场监督管理局', '');
INSERT INTO `t_register_department` VALUES ('99', '丽水市莲都区市场监督管理局', '331102');
INSERT INTO `t_register_department` VALUES ('100', '青田县市场监督管理局', '331121');
INSERT INTO `t_register_department` VALUES ('101', '缙云县市场监督管理局', '331122');
INSERT INTO `t_register_department` VALUES ('102', '遂昌县市场监督管理局', '331123');
INSERT INTO `t_register_department` VALUES ('103', '松阳县市场监督管理局', '331124');
INSERT INTO `t_register_department` VALUES ('104', '云和县市场监督管理局', '331125');
INSERT INTO `t_register_department` VALUES ('105', '庆元县市场监督管理局', '331126');
INSERT INTO `t_register_department` VALUES ('106', '景宁畲族自治县市场监督管理局', '331127');
INSERT INTO `t_register_department` VALUES ('107', '龙泉市市场监督管理局', '331181');
INSERT INTO `t_register_department` VALUES ('108', '丽水市市场监督管理局', '');
INSERT INTO `t_register_department` VALUES ('109', '广州市荔湾区工商行政管理局', '440103');
INSERT INTO `t_register_department` VALUES ('110', '广州市越秀区工商行政管理局', '440104');
INSERT INTO `t_register_department` VALUES ('111', '广州市海珠区工商行政管理局', '440105');
INSERT INTO `t_register_department` VALUES ('112', '广州市天河区工商行政管理局', '440106');
INSERT INTO `t_register_department` VALUES ('113', '广州市白云区工商行政管理局', '440111');
INSERT INTO `t_register_department` VALUES ('114', '广州市黄埔区市场和质量监督管理局', '440112');
INSERT INTO `t_register_department` VALUES ('115', '广州市番禺区工商行政管理局', '440113');
INSERT INTO `t_register_department` VALUES ('116', '广州市花都区工商行政管理局', '440114');
INSERT INTO `t_register_department` VALUES ('117', '广州市南沙区市场和质量监督管理局', '440115');
INSERT INTO `t_register_department` VALUES ('118', '广州市从化区工商行政管理局', '440117');
INSERT INTO `t_register_department` VALUES ('119', '广州市增城区工商行政管理局', '440118');
INSERT INTO `t_register_department` VALUES ('120', '广州市工商行政管理局', '');
INSERT INTO `t_register_department` VALUES ('121', '广东省韶关市武江区工商行政管理局', '440203');
INSERT INTO `t_register_department` VALUES ('122', '韶关市工商行政管理局', '440204');
INSERT INTO `t_register_department` VALUES ('123', '韶关市曲江区工商行政管理局', '440205');
INSERT INTO `t_register_department` VALUES ('124', '', '440222');
INSERT INTO `t_register_department` VALUES ('125', '', '440224');
INSERT INTO `t_register_department` VALUES ('126', '', '440229');
INSERT INTO `t_register_department` VALUES ('127', '', '440232');
INSERT INTO `t_register_department` VALUES ('128', '', '440233');
INSERT INTO `t_register_department` VALUES ('129', '', '440281');
INSERT INTO `t_register_department` VALUES ('130', '', '440282');
INSERT INTO `t_register_department` VALUES ('131', '', '');
INSERT INTO `t_register_department` VALUES ('132', '深圳市市场监督管理局', '440301');
INSERT INTO `t_register_department` VALUES ('133', '罗湖局', '440303');
INSERT INTO `t_register_department` VALUES ('134', '福田局', '440304');
INSERT INTO `t_register_department` VALUES ('135', '南山局', '440305');
INSERT INTO `t_register_department` VALUES ('136', '宝安局', '440306');
INSERT INTO `t_register_department` VALUES ('137', '龙岗局', '440307');
INSERT INTO `t_register_department` VALUES ('138', '深圳市市场监督管理局盐田局', '440308');
INSERT INTO `t_register_department` VALUES ('139', '珠海市工商行政管理局香洲分局', '440402');
INSERT INTO `t_register_department` VALUES ('140', '', '440403');
INSERT INTO `t_register_department` VALUES ('141', '', '440404');
INSERT INTO `t_register_department` VALUES ('142', '珠海市工商行政管理局', '');
INSERT INTO `t_register_department` VALUES ('143', '汕头市工商行政管理局', '440501');
INSERT INTO `t_register_department` VALUES ('144', '', '440507');
INSERT INTO `t_register_department` VALUES ('145', '', '440511');
INSERT INTO `t_register_department` VALUES ('146', '', '440512');
INSERT INTO `t_register_department` VALUES ('147', '汕头市潮阳区工商行政管理局', '440513');
INSERT INTO `t_register_department` VALUES ('148', '汕头市潮南区工商行政管理局', '440514');
INSERT INTO `t_register_department` VALUES ('149', '汕头市澄海区工商行政管理局', '440515');
INSERT INTO `t_register_department` VALUES ('150', '', '440523');
INSERT INTO `t_register_department` VALUES ('151', '汕头市工商行政管理局', '');
INSERT INTO `t_register_department` VALUES ('152', '佛山市禅城区市场监督管理局', '440604');
INSERT INTO `t_register_department` VALUES ('153', '佛山市南海区市场监督管理局', '440605');
INSERT INTO `t_register_department` VALUES ('154', '佛山市顺德区市场监督管理局', '440606');
INSERT INTO `t_register_department` VALUES ('155', '佛山市三水区市场监督管理局', '440607');
INSERT INTO `t_register_department` VALUES ('156', '佛山市高明区市场监督管理局', '440608');
INSERT INTO `t_register_department` VALUES ('157', '佛山市工商行政管理局', '');
INSERT INTO `t_register_department` VALUES ('158', '江门市蓬江区市场监督管理局', '440703');
INSERT INTO `t_register_department` VALUES ('159', '', '440704');
INSERT INTO `t_register_department` VALUES ('160', '江门市工商行政管理局新会分局', '440705');
INSERT INTO `t_register_department` VALUES ('161', '', '440781');
INSERT INTO `t_register_department` VALUES ('162', '', '440783');
INSERT INTO `t_register_department` VALUES ('163', '', '440784');
INSERT INTO `t_register_department` VALUES ('164', '恩平市市场监督管理局', '440785');
INSERT INTO `t_register_department` VALUES ('165', '江门市工商行政管理局', '');
INSERT INTO `t_register_department` VALUES ('166', '', '440802');
INSERT INTO `t_register_department` VALUES ('167', '湛江市工商行政管理局霞山分局', '440803');
INSERT INTO `t_register_department` VALUES ('168', '', '440804');
INSERT INTO `t_register_department` VALUES ('169', '广东省湛江市麻章区工商行政管理局', '440811');
INSERT INTO `t_register_department` VALUES ('170', '', '440823');
INSERT INTO `t_register_department` VALUES ('171', '', '440825');
INSERT INTO `t_register_department` VALUES ('172', '', '440881');
INSERT INTO `t_register_department` VALUES ('173', '', '440882');
INSERT INTO `t_register_department` VALUES ('174', '', '440883');
INSERT INTO `t_register_department` VALUES ('175', '湛江市工商行政管理局', '');
INSERT INTO `t_register_department` VALUES ('176', '茂名市茂南区工商行政管理局', '440902');
INSERT INTO `t_register_department` VALUES ('177', '茂名市电白区工商行政管理局', '440904');
INSERT INTO `t_register_department` VALUES ('178', '', '440981');
INSERT INTO `t_register_department` VALUES ('179', '', '440982');
INSERT INTO `t_register_department` VALUES ('180', '', '440983');
INSERT INTO `t_register_department` VALUES ('181', '', '');
INSERT INTO `t_register_department` VALUES ('182', '肇庆市工商行政管理局端州分局', '441202');
INSERT INTO `t_register_department` VALUES ('183', '', '441203');
INSERT INTO `t_register_department` VALUES ('184', '', '441204');
INSERT INTO `t_register_department` VALUES ('185', '', '441223');
INSERT INTO `t_register_department` VALUES ('186', '', '441224');
INSERT INTO `t_register_department` VALUES ('187', '', '441225');
INSERT INTO `t_register_department` VALUES ('188', '', '441226');
INSERT INTO `t_register_department` VALUES ('189', '', '441284');
INSERT INTO `t_register_department` VALUES ('190', '肇庆市工商行政管理局', '');
INSERT INTO `t_register_department` VALUES ('191', '惠城区工商行政管理局', '441302');
INSERT INTO `t_register_department` VALUES ('192', '惠阳区工商行政管理局', '441303');
INSERT INTO `t_register_department` VALUES ('193', '博罗县市场监督管理局', '441322');
INSERT INTO `t_register_department` VALUES ('194', '惠东县工商行政管理局', '441323');
INSERT INTO `t_register_department` VALUES ('195', '龙门县工商行政管理局', '441324');
INSERT INTO `t_register_department` VALUES ('196', '惠州市工商行政管理局仲恺高新区分局', '');
INSERT INTO `t_register_department` VALUES ('197', '惠州市工商行政管理局', '');
INSERT INTO `t_register_department` VALUES ('198', '梅州市工商行政管理局梅江分局', '441402');
INSERT INTO `t_register_department` VALUES ('199', '梅州市工商行政管理局梅江分局', '441403');
INSERT INTO `t_register_department` VALUES ('200', '大埔县工商行政管理局', '441422');
INSERT INTO `t_register_department` VALUES ('201', '', '441423');
INSERT INTO `t_register_department` VALUES ('202', '', '441424');
INSERT INTO `t_register_department` VALUES ('203', '', '441426');
INSERT INTO `t_register_department` VALUES ('204', '', '441427');
INSERT INTO `t_register_department` VALUES ('205', '', '441481');
INSERT INTO `t_register_department` VALUES ('206', '', '');
INSERT INTO `t_register_department` VALUES ('207', '', '441502');
INSERT INTO `t_register_department` VALUES ('208', '海丰县工商行政管理局', '441521');
INSERT INTO `t_register_department` VALUES ('209', '', '441523');
INSERT INTO `t_register_department` VALUES ('210', '', '441581');
INSERT INTO `t_register_department` VALUES ('211', '', '');
INSERT INTO `t_register_department` VALUES ('212', '河源市工商行政管理局源城分局', '441602');
INSERT INTO `t_register_department` VALUES ('213', '', '441621');
INSERT INTO `t_register_department` VALUES ('214', '', '441622');
INSERT INTO `t_register_department` VALUES ('215', '', '441623');
INSERT INTO `t_register_department` VALUES ('216', '', '441624');
INSERT INTO `t_register_department` VALUES ('217', '', '441625');
INSERT INTO `t_register_department` VALUES ('218', '广东省河源市工商行政管理局', '');
INSERT INTO `t_register_department` VALUES ('219', '阳江市工商行政管理局江城分局', '441702');
INSERT INTO `t_register_department` VALUES ('220', '', '441704');
INSERT INTO `t_register_department` VALUES ('221', '', '441721');
INSERT INTO `t_register_department` VALUES ('222', '', '441781');
INSERT INTO `t_register_department` VALUES ('223', '', '');
INSERT INTO `t_register_department` VALUES ('224', '清远市清城区工商行政管理局', '441802');
INSERT INTO `t_register_department` VALUES ('225', '清远市清新区工商行政管理局', '441803');
INSERT INTO `t_register_department` VALUES ('226', '', '441821');
INSERT INTO `t_register_department` VALUES ('227', '', '441823');
INSERT INTO `t_register_department` VALUES ('228', '', '441825');
INSERT INTO `t_register_department` VALUES ('229', '', '441826');
INSERT INTO `t_register_department` VALUES ('230', '', '441881');
INSERT INTO `t_register_department` VALUES ('231', '', '441882');
INSERT INTO `t_register_department` VALUES ('232', '清远市工商行政管理局', '');
INSERT INTO `t_register_department` VALUES ('233', '广东省东莞市工商行政管理局', '441900');
INSERT INTO `t_register_department` VALUES ('234', '中山市工商行政管理局', '442000');
INSERT INTO `t_register_department` VALUES ('235', '', '445102');
INSERT INTO `t_register_department` VALUES ('236', '广东省潮州市潮安县工商行政管理局', '445103');
INSERT INTO `t_register_department` VALUES ('237', '饶平县工商行政管理局', '445122');
INSERT INTO `t_register_department` VALUES ('238', '', '445202');
INSERT INTO `t_register_department` VALUES ('239', '', '445203');
INSERT INTO `t_register_department` VALUES ('240', '', '445222');
INSERT INTO `t_register_department` VALUES ('241', '', '445224');
INSERT INTO `t_register_department` VALUES ('242', '', '445281');
INSERT INTO `t_register_department` VALUES ('243', '云浮市工商行政管理局云城分局', '445302');
INSERT INTO `t_register_department` VALUES ('244', '', '445303');
INSERT INTO `t_register_department` VALUES ('245', '', '445321');
INSERT INTO `t_register_department` VALUES ('246', '', '445322');
INSERT INTO `t_register_department` VALUES ('247', '', '445381');
INSERT INTO `t_register_department` VALUES ('248', '黄浦区市场监督管理局', '310101');
INSERT INTO `t_register_department` VALUES ('249', '徐汇区市场监督管理局', '310104');
INSERT INTO `t_register_department` VALUES ('250', '长宁区市场监督管理局', '310105');
INSERT INTO `t_register_department` VALUES ('251', '静安区市场监督管理局', '310106');
INSERT INTO `t_register_department` VALUES ('252', '普陀区市场监督管理局', '310107');
INSERT INTO `t_register_department` VALUES ('253', '虹口区市场监督管理局', '310109');
INSERT INTO `t_register_department` VALUES ('254', '杨浦区市场监督管理局', '310110');
INSERT INTO `t_register_department` VALUES ('255', '闵行区市场监督管理局', '310112');
INSERT INTO `t_register_department` VALUES ('256', '宝山区市场监督管理局', '310113');
INSERT INTO `t_register_department` VALUES ('257', '嘉定区市场监管局', '310114');
INSERT INTO `t_register_department` VALUES ('258', '自贸区市场监督管理局', '310115');
INSERT INTO `t_register_department` VALUES ('259', '金山区市场监管局', '310116');
INSERT INTO `t_register_department` VALUES ('260', '松江市监局', '310117');
INSERT INTO `t_register_department` VALUES ('261', '青浦区市场监督管理局', '310118');
INSERT INTO `t_register_department` VALUES ('262', '奉贤区市场监管局', '310120');
INSERT INTO `t_register_department` VALUES ('263', '崇明区市场监管局', '310151');
INSERT INTO `t_register_department` VALUES ('264', '南京市玄武区市场监督管理局', '320102');
INSERT INTO `t_register_department` VALUES ('265', '南京市秦淮区市场监督管理局', '320104');
INSERT INTO `t_register_department` VALUES ('266', '南京市建邺区市场监督管理局', '320105');
INSERT INTO `t_register_department` VALUES ('267', '南京市鼓楼区市场监督管理局', '320106');
INSERT INTO `t_register_department` VALUES ('268', '南京市浦口区市场监督管理局', '320111');
INSERT INTO `t_register_department` VALUES ('269', '南京市栖霞区市场监督管理局', '320113');
INSERT INTO `t_register_department` VALUES ('270', '南京市雨花台区市场监督管理局', '320114');
INSERT INTO `t_register_department` VALUES ('271', '南京市江宁区市场监督管理局', '320115');
INSERT INTO `t_register_department` VALUES ('272', '南京市六合区市场监督管理局', '320116');
INSERT INTO `t_register_department` VALUES ('273', '南京市溧水区市场监督管理局', '320117');
INSERT INTO `t_register_department` VALUES ('274', '南京市高淳区市场监督管理局', '320118');
INSERT INTO `t_register_department` VALUES ('275', '无锡市锡山区市场监督管理局', '320205');
INSERT INTO `t_register_department` VALUES ('276', '无锡市惠山区市场监督管理局', '320206');
INSERT INTO `t_register_department` VALUES ('277', '无锡市滨湖区市场监督管理局', '320211');
INSERT INTO `t_register_department` VALUES ('278', '无锡市梁溪区市场监督管理局', '320213');
INSERT INTO `t_register_department` VALUES ('279', '无锡市新吴区市场监督管理局', '320214');
INSERT INTO `t_register_department` VALUES ('280', '江阴市市场监督管理局', '320281');
INSERT INTO `t_register_department` VALUES ('281', '宜兴市市场监督管理局', '320282');
INSERT INTO `t_register_department` VALUES ('282', '徐州市鼓楼区市场监督管理局', '320302');
INSERT INTO `t_register_department` VALUES ('283', '徐州市云龙区市场监督管理局', '320303');
INSERT INTO `t_register_department` VALUES ('284', '徐州市贾汪区市场监督管理局', '320305');
INSERT INTO `t_register_department` VALUES ('285', '徐州市泉山区市场监督管理局', '320311');
INSERT INTO `t_register_department` VALUES ('286', '徐州市铜山区市场监督管理局', '320312');
INSERT INTO `t_register_department` VALUES ('287', '丰县市场监督管理局', '320321');
INSERT INTO `t_register_department` VALUES ('288', '沛县市场监督管理局', '320322');
INSERT INTO `t_register_department` VALUES ('289', '睢宁县市场监督管理局', '320324');
INSERT INTO `t_register_department` VALUES ('290', '新沂市市场监督管理局', '320381');
INSERT INTO `t_register_department` VALUES ('291', '邳州市市场监督管理局', '320382');
INSERT INTO `t_register_department` VALUES ('292', '常州市天宁区市场监督管理局', '320402');
INSERT INTO `t_register_department` VALUES ('293', '常州市钟楼区市场监督管理局', '320404');
INSERT INTO `t_register_department` VALUES ('294', '常州国家高新区（新北区）市场监督管理局', '320411');
INSERT INTO `t_register_department` VALUES ('295', '常州市武进区市场监督管理局', '320412');
INSERT INTO `t_register_department` VALUES ('296', '常州市金坛区市场监督管理局', '320413');
INSERT INTO `t_register_department` VALUES ('297', '溧阳市市场监督管理局', '320481');
INSERT INTO `t_register_department` VALUES ('298', '苏州高新区（虎丘区）市场监督管理局', '320505');
INSERT INTO `t_register_department` VALUES ('299', '苏州市吴中区市场监督管理局', '320506');
INSERT INTO `t_register_department` VALUES ('300', '苏州市相城区市场监督管理局', '320507');
INSERT INTO `t_register_department` VALUES ('301', '苏州市姑苏区市场监督管理局苏州国家历史文化名城保护区市场监督管理局', '320508');
INSERT INTO `t_register_department` VALUES ('302', '苏州市吴江区市场监督管理局', '320509');
INSERT INTO `t_register_department` VALUES ('303', '常熟市市场监督管理局', '320581');
INSERT INTO `t_register_department` VALUES ('304', '张家港市市场监督管理局', '320582');
INSERT INTO `t_register_department` VALUES ('305', '昆山市市场监督管理局', '320583');
INSERT INTO `t_register_department` VALUES ('306', '太仓市市场监督管理局', '320585');
INSERT INTO `t_register_department` VALUES ('307', '南通市崇川区市场监督管理局', '320602');
INSERT INTO `t_register_department` VALUES ('308', '南通市港闸区市场监督管理局', '320611');
INSERT INTO `t_register_department` VALUES ('309', '南通市通州区市场监督管理局', '320612');
INSERT INTO `t_register_department` VALUES ('310', '海安市市场监督管理局', '320621');
INSERT INTO `t_register_department` VALUES ('311', '如东县市场监督管理局', '320623');
INSERT INTO `t_register_department` VALUES ('312', '启东市市场监督管理局', '320681');
INSERT INTO `t_register_department` VALUES ('313', '如皋市市场监督管理局', '320682');
INSERT INTO `t_register_department` VALUES ('314', '海门市市场监督管理局', '320684');
INSERT INTO `t_register_department` VALUES ('315', '连云区市场监督管理局', '320703');
INSERT INTO `t_register_department` VALUES ('316', '海州区市场监督管理局', '320706');
INSERT INTO `t_register_department` VALUES ('317', '连云港市赣榆区市场监督管理局', '320707');
INSERT INTO `t_register_department` VALUES ('318', '东海县市场监督管理局', '320722');
INSERT INTO `t_register_department` VALUES ('319', '灌云县市场监督管理局', '320723');
INSERT INTO `t_register_department` VALUES ('320', '灌南县市场监督管理局', '320724');
INSERT INTO `t_register_department` VALUES ('321', '淮安经济技术开发区市场监督管理局', '320803');
INSERT INTO `t_register_department` VALUES ('322', '', '320804');
INSERT INTO `t_register_department` VALUES ('323', '淮安市清江浦区市场监督管理局', '320812');
INSERT INTO `t_register_department` VALUES ('324', '', '320813');
INSERT INTO `t_register_department` VALUES ('325', '涟水县市场监督管理局', '320826');
INSERT INTO `t_register_department` VALUES ('326', '盱眙县市场监督管理局', '320830');
INSERT INTO `t_register_department` VALUES ('327', '金湖县市场监督管理局', '320831');
INSERT INTO `t_register_department` VALUES ('328', '盐城市亭湖区市场监督管理局', '320902');
INSERT INTO `t_register_department` VALUES ('329', '盐城市盐都区市场监督管理局', '320903');
INSERT INTO `t_register_department` VALUES ('330', '盐城市大丰区市场监督管理局', '320904');
INSERT INTO `t_register_department` VALUES ('331', '', '320921');
INSERT INTO `t_register_department` VALUES ('332', '滨海县市场监督管理局', '320922');
INSERT INTO `t_register_department` VALUES ('333', '阜宁县市场监督管理局', '320923');
INSERT INTO `t_register_department` VALUES ('334', '', '320924');
INSERT INTO `t_register_department` VALUES ('335', '建湖县市场监督管理局', '320925');
INSERT INTO `t_register_department` VALUES ('336', '东台市市场监督管理局', '320981');
INSERT INTO `t_register_department` VALUES ('337', '扬州市广陵区市场监督管理局', '321002');
INSERT INTO `t_register_department` VALUES ('338', '扬州市邗江区市场监督管理局', '321003');
INSERT INTO `t_register_department` VALUES ('339', '扬州市江都区市场监督管理局', '321012');
INSERT INTO `t_register_department` VALUES ('340', '宝应县市场监督管理局', '321023');
INSERT INTO `t_register_department` VALUES ('341', '仪征市市场监督管理局', '321081');
INSERT INTO `t_register_department` VALUES ('342', '高邮市市场监督管理局', '321084');
INSERT INTO `t_register_department` VALUES ('343', '镇江市京口区市场监督管理局', '321102');
INSERT INTO `t_register_department` VALUES ('344', '镇江市润州区市场监督管理局', '321111');
INSERT INTO `t_register_department` VALUES ('345', '镇江市丹徒区市场监督管理局', '321112');
INSERT INTO `t_register_department` VALUES ('346', '丹阳市市场监督管理局', '321181');
INSERT INTO `t_register_department` VALUES ('347', '扬中市市场监督管理局', '321182');
INSERT INTO `t_register_department` VALUES ('348', '句容市市场监督管理局', '321183');
INSERT INTO `t_register_department` VALUES ('349', '泰州市海陵区市场监督管理局', '321202');
INSERT INTO `t_register_department` VALUES ('350', '泰州市高港工商行政管理局', '321203');
INSERT INTO `t_register_department` VALUES ('351', '泰州市姜堰区市场监督管理局', '321204');
INSERT INTO `t_register_department` VALUES ('352', '兴化市市场监督管理局', '321281');
INSERT INTO `t_register_department` VALUES ('353', '靖江市市场监督管理局', '321282');
INSERT INTO `t_register_department` VALUES ('354', '泰兴市市场监督管理局', '321283');
INSERT INTO `t_register_department` VALUES ('355', '宿迁市宿城区市场监督管理局', '321302');
INSERT INTO `t_register_department` VALUES ('356', '宿迁市宿豫区市场监督管理局', '321311');
INSERT INTO `t_register_department` VALUES ('357', '沭阳县市场监督管理局', '321322');
INSERT INTO `t_register_department` VALUES ('358', '泗阳县市场监督管理局', '321323');
INSERT INTO `t_register_department` VALUES ('359', '泗洪县市场监督管理局', '321324');
